filename,label
PD (112).jpg,1
PD (29).jpg,1
PD (91).jpg,1
PD (68).jpg,1
PD (87).jpg,1
PD (2).jpg,1
PD (104).jpg,1
PD (44).jpg,1
PD (13).jpg,1
PD (52).jpg,1
PD (25).jpg,1
PD (72).jpg,1
PD (64).jpg,1
PD (108).jpg,1
PD (33).jpg,1
PD (48).jpg,1
PD (49).jpg,1
PD (32).jpg,1
PD (109).jpg,1
PD (65).jpg,1
PD (73).jpg,1
PD (24).jpg,1
PD (53).jpg,1
PD (12).jpg,1
PD (45).jpg,1
PD (105).jpg,1
PD (69).jpg,1
PD (86).jpg,1
PD (3).jpg,1
PD (90).jpg,1
PD (28).jpg,1
PD (113).jpg,1
PD (23).jpg,1
PD (74).jpg,1
PD (62).jpg,1
PD (8).jpg,1
PD (35).jpg,1
PD (19).jpg,1
PD (58).jpg,1
PD (114).jpg,1
PD (78).jpg,1
PD (97).jpg,1
PD (4).jpg,1
PD (81).jpg,1
PD (39).jpg,1
PD (102).jpg,1
PD (42).jpg,1
PD (15).jpg,1
PD (54).jpg,1
PD (55).jpg,1
PD (14).jpg,1
PD (43).jpg,1
PD (103).jpg,1
PD (38).jpg,1
PD (5).jpg,1
PD (80).jpg,1
PD (79).jpg,1
PD (96).jpg,1
PD (59).jpg,1
PD (18).jpg,1
PD (34).jpg,1
PD (63).jpg,1
PD (9).jpg,1
PD (75).jpg,1
PD (22).jpg,1
PD (37).jpg,1
PD (60).jpg,1
PD (99).jpg,1
PD (76).jpg,1
PD (21).jpg,1
PD (56).jpg,1
PD (17).jpg,1
PD (40).jpg,1
PD (100).jpg,1
PD (83).jpg,1
PD (6).jpg,1
PD (95).jpg,1
PD (94).jpg,1
PD (82).jpg,1
PD (7).jpg,1
PD (101).jpg,1
PD (41).jpg,1
PD (16).jpg,1
PD (57).jpg,1
PD (20).jpg,1
PD (98).jpg,1
PD (77).jpg,1
PD (61).jpg,1
PD (36).jpg,1
PD (50).jpg,1
PD (11).jpg,1
PD (46).jpg,1
PD (106).jpg,1
PD (85).jpg,1
PD (93).jpg,1
PD (110).jpg,1
PD (31).jpg,1
PD (89).jpg,1
PD (66).jpg,1
PD (70).jpg,1
PD (27).jpg,1
PD (26).jpg,1
PD (71).jpg,1
PD (88).jpg,1
PD (67).jpg,1
PD (30).jpg,1
PD (111).jpg,1
PD (92).jpg,1
PD (1).jpg,1
PD (84).jpg,1
PD (107).jpg,1
PD (47).jpg,1
PD (10).jpg,1
PD (51).jpg,1
LPD (63).jpg,0
LPD (34).jpg,0
LPD (22).jpg,0
LPD (75).jpg,0
LPD (126).jpg,0
LPD (59).jpg,0
LPD (130).jpg,0
LPD (18).jpg,0
LPD (80).jpg,0
LPD (110).jpg,0
LPD (38).jpg,0
LPD (96).jpg,0
LPD (106).jpg,0
LPD (79).jpg,0
LPD (55).jpg,0
LPD (43).jpg,0
LPD (14).jpg,0
LPD (1).jpg,0
LPD (15).jpg,0
LPD (42).jpg,0
LPD (54).jpg,0
LPD (97).jpg,0
LPD (107).jpg,0
LPD (78).jpg,0
LPD (39).jpg,0
LPD (81).jpg,0
LPD (111).jpg,0
LPD (19).jpg,0
LPD (131).jpg,0
LPD (127).jpg,0
LPD (58).jpg,0
LPD (74).jpg,0
LPD (23).jpg,0
LPD (35).jpg,0
LPD (62).jpg,0
LPD (86).jpg,0
LPD (116).jpg,0
LPD (69).jpg,0
LPD (28).jpg,0
LPD (90).jpg,0
LPD (100).jpg,0
LPD (53).jpg,0
LPD (45).jpg,0
LPD (12).jpg,0
LPD (7).jpg,0
LPD (65).jpg,0
LPD (32).jpg,0
LPD (24).jpg,0
LPD (73).jpg,0
LPD (120).jpg,0
LPD (49).jpg,0
LPD (48).jpg,0
LPD (121).jpg,0
LPD (72).jpg,0
LPD (25).jpg,0
LPD (33).jpg,0
LPD (64).jpg,0
LPD (13).jpg,0
LPD (6).jpg,0
LPD (44).jpg,0
LPD (52).jpg,0
LPD (91).jpg,0
LPD (101).jpg,0
LPD (29).jpg,0
LPD (87).jpg,0
LPD (117).jpg,0
LPD (68).jpg,0
LPD (5).jpg,0
LPD (10).jpg,0
LPD (47).jpg,0
LPD (51).jpg,0
LPD (102).jpg,0
LPD (92).jpg,0
LPD (114).jpg,0
LPD (84).jpg,0
LPD (9).jpg,0
LPD (134).jpg,0
LPD (122).jpg,0
LPD (71).jpg,0
LPD (26).jpg,0
LPD (30).jpg,0
LPD (118).jpg,0
LPD (67).jpg,0
LPD (88).jpg,0
LPD (119).jpg,0
LPD (66).jpg,0
LPD (89).jpg,0
LPD (31).jpg,0
LPD (27).jpg,0
LPD (70).jpg,0
LPD (123).jpg,0
LPD (135).jpg,0
LPD (8).jpg,0
LPD (115).jpg,0
LPD (85).jpg,0
LPD (103).jpg,0
LPD (93).jpg,0
LPD (50).jpg,0
LPD (46).jpg,0
LPD (4).jpg,0
LPD (11).jpg,0
LPD (132).jpg,0
LPD (124).jpg,0
LPD (108).jpg,0
LPD (77).jpg,0
LPD (98).jpg,0
LPD (20).jpg,0
LPD (36).jpg,0
LPD (61).jpg,0
LPD (3).jpg,0
LPD (16).jpg,0
LPD (41).jpg,0
LPD (128).jpg,0
LPD (57).jpg,0
LPD (104).jpg,0
LPD (94).jpg,0
LPD (112).jpg,0
LPD (82).jpg,0
LPD (113).jpg,0
LPD (83).jpg,0
LPD (105).jpg,0
LPD (95).jpg,0
LPD (129).jpg,0
LPD (56).jpg,0
LPD (40).jpg,0
LPD (2).jpg,0
LPD (17).jpg,0
LPD (60).jpg,0
LPD (37).jpg,0
LPD (21).jpg,0
LPD (109).jpg,0
LPD (76).jpg,0
LPD (99).jpg,0
LPD (125).jpg,0
LPD (133).jpg,0
